epoch,train_loss,field_loss,surface_p_loss,ux,uy,p,nut
131,0.42163623,0.07587343,0.69152561,0.02156283,0.03631262,0.1416359,0.08754173
132,0.3794298,0.07722378,0.60441204,0.02136334,0.03642788,0.14586531,0.0880782
133,0.34370856,0.07460565,0.53820582,0.02098254,0.03546491,0.13826794,0.08779165
134,0.39257123,0.07534649,0.63444948,0.02085672,0.03571327,0.1403385,0.08822948
135,0.37445915,0.07678992,0.59533847,0.02099608,0.03619982,0.14473977,0.08823656
136,0.34955289,0.07634685,0.54641208,0.02102703,0.03611031,0.14400621,0.087329
137,0.33977117,0.07473226,0.53007781,0.02079532,0.03561445,0.13895381,0.08751008
138,0.40027413,0.07544463,0.64965904,0.02088872,0.03553511,0.14130817,0.08758062
139,0.32491317,0.07459848,0.50062939,0.02078391,0.03550098,0.13812843,0.0880981
140,0.40598537,0.07495186,0.66206703,0.02087985,0.03547792,0.13896059,0.08848688
141,0.39553796,0.07636126,0.63835339,0.02092549,0.03598287,0.14467648,0.08678138
142,0.3563139,0.07609333,0.56044113,0.0208127,0.03598095,0.14244978,0.08854076
143,0.3222837,0.07529234,0.49398271,0.0208295,0.03541174,0.14037767,0.08827909
144,0.35777921,0.07581185,0.56393474,0.02100302,0.03577593,0.14183362,0.08812938
145,0.37939062,0.07610626,0.60656871,0.02083919,0.03582947,0.14320168,0.08778086
146,0.31768369,0.07516251,0.48504236,0.02079288,0.03558316,0.14019666,0.08781879
147,0.41803873,0.07797865,0.68012018,0.02112411,0.03645514,0.14880562,0.08782297
148,0.34637261,0.07654742,0.53965036,0.02074395,0.03582545,0.14507343,0.08741535
149,0.47836491,0.07554275,0.8056443,0.02073681,0.03545382,0.14183939,0.08756683
150,0.35134522,0.07576751,0.55115541,0.02075128,0.03570633,0.142664,0.08722432
151,0.33329653,0.07508243,0.5164282,0.02073198,0.03539228,0.1395259,0.08856869
152,0.28945348,0.07501611,0.42887473,0.02060124,0.03547379,0.13963987,0.08819361
153,0.29029919,0.07318026,0.43423788,0.02060957,0.03475284,0.13410049,0.08802809
154,0.33605288,0.07572356,0.52065864,0.02071044,0.03586022,0.1425409,0.08707834
155,0.31408483,0.074811,0.47854766,0.02059416,0.03536648,0.13864447,0.08868053
156,0.33362734,0.07450163,0.51825141,0.02064208,0.03532152,0.13812223,0.08801554
157,0.34105649,0.07563698,0.53083901,0.0207267,0.03566313,0.1421923,0.08732697
158,0.35172841,0.07532118,0.55281447,0.02069081,0.03556324,0.14128082,0.08725993
159,0.33431464,0.07507546,0.51847836,0.02065497,0.03554123,0.14097952,0.08665009
160,0.31311392,0.07504025,0.47614735,0.02079365,0.03538697,0.14018736,0.08750623
161,0.41274969,0.075232,0.67503539,0.02070628,0.03528077,0.14029309,0.08838256
162,0.34480399,0.07586886,0.53787025,0.02076837,0.03558126,0.1434676,0.08675854
163,0.3543871,0.07489036,0.55899349,0.02052615,0.03516391,0.14024707,0.08728516
164,0.30951558,0.07529661,0.46843793,0.02078362,0.03526481,0.1415518,0.08702241
165,0.31953257,0.07429505,0.49047503,0.02039182,0.03486877,0.1385564,0.08729786
166,0.36937303,0.07400107,0.59074393,0.0202706,0.03454319,0.1379174,0.08729398
167,0.46427464,0.07679978,0.77494975,0.02042232,0.03550323,0.14606085,0.08789742
168,0.3267202,0.07674744,0.49994551,0.02049982,0.03545519,0.1459221,0.08781896
169,0.33584651,0.07524432,0.52120439,0.02055678,0.03545125,0.14131606,0.08713525
170,0.36194779,0.07400393,0.57588769,0.02058669,0.03502024,0.13848979,0.08579755
171,0.34076969,0.07524756,0.53104425,0.02046103,0.03529866,0.14202224,0.08651466
172,0.28136025,0.07454031,0.41363986,0.02035775,0.03524879,0.13943322,0.08689826
173,0.31744015,0.0741797,0.48652088,0.0203245,0.03483496,0.13883777,0.08655705
174,0.33918885,0.07445583,0.52946604,0.02032697,0.03478798,0.14012563,0.08616532
175,0.32371529,0.07518623,0.4970581,0.0206007,0.03504095,0.1415816,0.08692282
176,0.35631551,0.0745846,0.56346183,0.02043141,0.03485894,0.13978059,0.08696845
177,0.36321692,0.0737524,0.57892904,0.02029459,0.03440204,0.13756624,0.08679326
178,0.3902373,0.07429325,0.6318881,0.02020951,0.03476581,0.13944685,0.08646245
179,0.32343002,0.07317964,0.50050075,0.02031387,0.03447325,0.13547846,0.08687828
180,0.29924308,0.0741151,0.45025597,0.02023168,0.03483966,0.13876146,0.086466
181,0.34215335,0.07301974,0.53826723,0.02013399,0.03424358,0.13614396,0.0857764
182,0.3360265,0.07480748,0.52243805,0.02031189,0.03482405,0.14116909,0.08633449
183,0.36446793,0.07375793,0.58142,0.02009737,0.03442491,0.13761623,0.08692864
184,0.24074508,0.07370235,0.33408546,0.02026578,0.03464718,0.13730631,0.08668912
185,0.3312412,0.07275804,0.51696634,0.02023251,0.03436121,0.13508121,0.08577641
186,0.32184323,0.07351942,0.49664764,0.02021619,0.03447924,0.13714551,0.08633021
187,0.39250216,0.07515067,0.63470297,0.02039452,0.03473294,0.14232692,0.08635423
188,0.37264485,0.07314817,0.59899335,0.0200783,0.03423401,0.13702234,0.08528948
189,0.37467817,0.07560537,0.5981456,0.02019513,0.03486158,0.14424659,0.08595788
190,0.40223215,0.07404175,0.6563808,0.02011602,0.0343407,0.1392675,0.08613634
191,0.40611381,0.07187411,0.66847939,0.01995532,0.03365723,0.13267722,0.08600591
192,0.28142196,0.07275998,0.41732397,0.02007361,0.03416406,0.13490017,0.08636702
193,0.36994035,0.07120008,0.59748053,0.02018227,0.03335198,0.13082307,0.08553724
194,0.34003436,0.07359357,0.53288155,0.01996081,0.03419384,0.13892551,0.08496115
195,0.30717303,0.07299153,0.46836298,0.01990902,0.03405844,0.13600787,0.08623672
196,0.30980553,0.07237921,0.47485264,0.01990835,0.03391924,0.13514991,0.0848467
197,0.35513966,0.07198343,0.56631245,0.01999139,0.03375525,0.13302871,0.08589706
198,0.34914427,0.07416363,0.5499613,0.02002006,0.03445687,0.13965062,0.08615519
199,0.3323697,0.07133684,0.52206571,0.01991903,0.033335,0.13187188,0.08508771
200,0.35920356,0.07292209,0.57256295,0.02002492,0.03401828,0.13639242,0.08538515
201,0.30813278,0.0720767,0.47211217,0.02027855,0.03406889,0.13381717,0.08470707
202,0.33863766,0.07401743,0.52924044,0.02003526,0.03429719,0.13967375,0.08564948
203,0.27391884,0.07234372,0.40315024,0.0199935,0.03397219,0.13474665,0.08506182
204,0.31384328,0.07373738,0.4802118,0.01996479,0.03426814,0.13855187,0.08596108
205,0.2503837,0.07179285,0.3571817,0.020062,0.03371983,0.13242137,0.08581107
206,0.29131939,0.07214881,0.43834117,0.01979884,0.0336742,0.13450957,0.08502243
207,0.36764607,0.07254846,0.59019522,0.01983859,0.03368751,0.13550984,0.08541753
208,0.34841313,0.07110464,0.55461694,0.01975072,0.03327827,0.13127687,0.08506965
209,0.36268488,0.07270601,0.57995773,0.01983025,0.03378268,0.13672361,0.08448308
210,0.32318703,0.07169484,0.50298438,0.01979189,0.03336539,0.13330167,0.08491871
211,0.31893657,0.07162658,0.49461997,0.01972459,0.0334078,0.13299335,0.0850389
212,0.36306767,0.0740915,0.57795234,0.01985207,0.03401983,0.14075426,0.08507417
213,0.33901353,0.07354251,0.53094201,0.02006556,0.03379593,0.13921215,0.08467901
214,0.32737519,0.07258653,0.50957733,0.01986238,0.03370042,0.13642656,0.08439677
215,0.35211106,0.07219068,0.55984076,0.01968567,0.03351339,0.13491212,0.08497115
216,0.39399917,0.07340065,0.64119702,0.01979427,0.03384087,0.13899517,0.08457368
217,0.30197049,0.0707301,0.46248079,0.0198304,0.03293938,0.13077438,0.08436515
218,0.36376148,0.07310832,0.58130632,0.01980316,0.03385734,0.13790505,0.08466853
219,0.33835779,0.07297894,0.53075771,0.01962628,0.03348154,0.13749518,0.0851837
220,0.30518587,0.07096296,0.46844583,0.01976632,0.03308736,0.13168509,0.08413253
221,0.31836566,0.07281753,0.49109626,0.01990258,0.03347594,0.13752329,0.08419185
222,0.28548793,0.07125846,0.42845895,0.01938747,0.03313541,0.1327284,0.08441505
223,0.35585021,0.07109693,0.56950655,0.01952457,0.03287758,0.13246037,0.08418434
224,0.31796408,0.07096308,0.49400202,0.01976131,0.03294922,0.13222146,0.08360571
225,0.33265782,0.07157871,0.5221582,0.01965986,0.0330582,0.13380187,0.08423914
226,0.31138749,0.07005125,0.48267248,0.01986311,0.03287811,0.12902012,0.08370145
227,0.34641991,0.06980689,0.55322607,0.01966365,0.03248161,0.12892233,0.08338109
228,0.37879101,0.0701188,0.61734441,0.01934989,0.03262538,0.12961067,0.08401633
229,0.26450218,0.07106794,0.38686848,0.01953971,0.03305741,0.1328221,0.083414
230,0.25899975,0.0696843,0.37863089,0.01954687,0.03263309,0.12763027,0.08444047
231,0.26718612,0.06885713,0.39665798,0.01940682,0.0327662,0.12539336,0.08372807
232,0.32671743,0.07191452,0.50960581,0.01957159,0.03312029,0.13562443,0.08341433
233,0.27360429,0.06881511,0.40957837,0.01956956,0.03248844,0.12551242,0.08351569
234,0.30580146,0.07111788,0.46936716,0.01961794,0.03268754,0.13306546,0.08361368
235,0.32119653,0.06861343,0.50516619,0.01992882,0.03249292,0.12488813,0.08307517
236,0.29921653,0.07080067,0.45683173,0.01952322,0.03269966,0.13242498,0.08314873
237,0.37708957,0.07144802,0.61128309,0.01938531,0.03252934,0.1348851,0.08313309
238,0.31630998,0.07023939,0.49214118,0.01940757,0.03245691,0.13089365,0.08303586
239,0.26475964,0.07018368,0.38915191,0.01942504,0.03246666,0.13108749,0.08252959
240,0.38035277,0.06896936,0.62276681,0.01940651,0.03188263,0.12631073,0.08394224
241,0.35535168,0.06855018,0.57360299,0.01926064,0.03164846,0.12580458,0.08317344
242,0.29432838,0.06893977,0.4507772,0.01907776,0.03199128,0.12731206,0.08278493
243,0.28429352,0.06920421,0.43017861,0.01926075,0.03250066,0.12787136,0.08251728
244,0.30873027,0.06788278,0.481695,0.01910614,0.03152121,0.12388077,0.08302352
245,0.27346203,0.0683149,0.41029425,0.01924191,0.03177209,0.12438377,0.08384459
246,0.29421442,0.07207649,0.44427587,0.01950716,0.03346548,0.13611027,0.08321458
247,0.31788967,0.06925114,0.49727705,0.01921663,0.03218281,0.12772603,0.08326034
248,0.37097473,0.07120176,0.59954593,0.0195888,0.0326576,0.13387017,0.08302339
249,0.3398583,0.06790383,0.54390893,0.01917433,0.0315931,0.12330804,0.08368881
250,0.32386079,0.07155117,0.50461924,0.01941057,0.03268507,0.1345028,0.08386831
251,0.26518273,0.07006464,0.39023619,0.01913213,0.03214701,0.13096765,0.08278604
252,0.29196547,0.072223,0.43948495,0.01966506,0.03309224,0.13635719,0.08374396
253,0.28445539,0.06950272,0.42990535,0.01913332,0.03209251,0.12899279,0.08291972
254,0.29897216,0.06860414,0.46073604,0.01894593,0.03150464,0.12667147,0.08277767
255,0.26829865,0.06765891,0.40127948,0.01899134,0.03147519,0.12448823,0.08147354
256,0.25180795,0.06868554,0.36624482,0.0191277,0.03121914,0.1271522,0.08262647
257,0.28389936,0.06913459,0.42952954,0.01909017,0.03176738,0.12830832,0.08257908
258,0.37473469,0.07011742,0.60923452,0.01902454,0.03210091,0.13152161,0.08247158
259,0.34258193,0.06897757,0.5472087,0.01886377,0.03170419,0.12816043,0.08238618
260,0.34892923,0.07115296,0.55555255,0.01904178,0.03233019,0.13486558,0.08244615
261,0.24409898,0.0672186,0.35376078,0.01880017,0.03134566,0.12305727,0.08171162
262,0.28652163,0.06807785,0.43688757,0.0189662,0.03147134,0.12524587,0.08233598
263,0.25945369,0.06791365,0.38308008,0.01888422,0.03121358,0.12484871,0.08247435
264,0.32159214,0.07002269,0.50313891,0.01921574,0.03193985,0.1319517,0.08150123
265,0.27386851,0.06877282,0.41019137,0.01900813,0.03150513,0.12772914,0.0821098
266,0.32288601,0.06649031,0.5127914,0.01878555,0.03085633,0.1211008,0.08156594
267,0.26737533,0.06847794,0.39779477,0.01903409,0.03143112,0.12683005,0.08202849
268,0.29677664,0.06795057,0.45765212,0.01881098,0.03142467,0.12590276,0.08117583
269,0.27659569,0.06929099,0.4146094,0.01892712,0.03141988,0.12985968,0.08181511
270,0.39190625,0.06996756,0.64387738,0.0191784,0.03149018,0.13187357,0.08185158
271,0.30207735,0.06816384,0.467827,0.01907464,0.03124765,0.1263044,0.08149351
272,0.31052951,0.06793725,0.48518452,0.01899468,0.03113814,0.12607078,0.08101202
273,0.33185949,0.06826621,0.52718654,0.01930543,0.03108024,0.12603721,0.08219921
274,0.33654837,0.0672829,0.53853094,0.01866837,0.03088332,0.12440486,0.08089456
275,0.26634152,0.06671325,0.39925655,0.01894828,0.03076909,0.12199132,0.08132479
276,0.34387292,0.0688787,0.54998845,0.0190477,0.03127826,0.12930515,0.0807771
277,0.27720513,0.06654632,0.42131764,0.01852714,0.03065992,0.1217997,0.08138517
278,0.29091017,0.06653212,0.4487561,0.01879054,0.03063995,0.12129905,0.08170719
279,0.27689423,0.06743817,0.41891211,0.01885915,0.03096988,0.12476865,0.08082239
280,0.32399607,0.06752383,0.51294449,0.01864884,0.03086751,0.12506448,0.08112932
281,0.26785058,0.06786667,0.39996783,0.0187995,0.03111628,0.12565913,0.08144365
282,0.30638563,0.06925664,0.47425798,0.01867514,0.03158385,0.12970121,0.0819552
283,0.32128309,0.06763823,0.50728974,0.01866814,0.0307375,0.12520749,0.08154745
284,0.30210094,0.06574947,0.47270292,0.01856569,0.03025892,0.11981956,0.0808362
285,0.27078612,0.06779264,0.40598694,0.0187295,0.03091853,0.12641827,0.08044786
286,0.2352063,0.0671604,0.33609181,0.01863824,0.03080808,0.12384002,0.08118534
287,0.31931767,0.06673094,0.50517345,0.01858913,0.03090563,0.12294945,0.0804249
288,0.21505602,0.06722436,0.29566332,0.01872585,0.03053239,0.12478952,0.08045839
289,0.28765509,0.06523825,0.44483368,0.01842301,0.03033506,0.11830151,0.08062762
290,0.26346109,0.06530861,0.39630495,0.01828771,0.03014528,0.11943599,0.07983364
291,0.26586206,0.06432238,0.40307935,0.01863569,0.03006369,0.11610619,0.07953802
292,0.32904046,0.06710986,0.52386118,0.01874252,0.03039015,0.1248046,0.08007849
293,0.28064135,0.06572887,0.42982496,0.01846829,0.02998407,0.12007331,0.0808037
294,0.32950423,0.06600152,0.52700544,0.01851761,0.03004668,0.1211723,0.08047678
295,0.35457877,0.06591091,0.57733574,0.01855118,0.02991104,0.12148078,0.07980817
296,0.27427233,0.06378141,0.42098184,0.01822607,0.02928079,0.1151014,0.0796874
297,0.32489419,0.06555775,0.51867289,0.01836499,0.02980916,0.12053703,0.079775
298,0.24202805,0.06468708,0.35468195,0.01821646,0.02996706,0.11778584,0.07950429
299,0.29282353,0.06600592,0.45363521,0.01849238,0.03034252,0.1211286,0.08027953
300,0.25503564,0.06374116,0.38258895,0.01849205,0.02940761,0.114429,0.07996402
301,0.27024329,0.06504441,0.41039777,0.0183503,0.0294643,0.11915339,0.07968239
302,0.33171033,0.06561875,0.53218316,0.01846251,0.02999008,0.12135157,0.07873765
303,0.32151659,0.0644763,0.5140806,0.01815842,0.02918325,0.11778625,0.07944978
304,0.31576168,0.06344362,0.50463611,0.01843144,0.02896703,0.11378235,0.08000899
305,0.2992727,0.06477436,0.46899668,0.01829435,0.0296337,0.11874524,0.07893143
306,0.35414214,0.06581113,0.57666201,0.01809286,0.02961683,0.12199017,0.07949989
307,0.23448825,0.0637497,0.34147709,0.01828691,0.02927504,0.11556196,0.07892186
308,0.25373858,0.06389796,0.37968123,0.01809862,0.02910191,0.11599189,0.07937596
309,0.29681788,0.06534881,0.46293816,0.01821148,0.02964019,0.12021061,0.07961751
310,0.30902441,0.0648737,0.48830143,0.01822551,0.02970834,0.11900144,0.07902757
311,0.29405166,0.06350238,0.46109857,0.01798839,0.02880706,0.11471101,0.07970091
312,0.29155613,0.06365922,0.45579383,0.01808715,0.02907004,0.11521111,0.07938059
313,0.31040967,0.06467393,0.49147147,0.01812273,0.02943699,0.11843836,0.07925656
314,0.28097748,0.06434376,0.43326745,0.01804956,0.02934871,0.11780437,0.07880725
315,0.24357238,0.06185992,0.36342493,0.01806547,0.02805619,0.1103442,0.07885275
316,0.29995368,0.06491533,0.47007671,0.01830917,0.02950456,0.11945434,0.07875851
317,0.2894793,0.06245237,0.45405387,0.01791457,0.02857386,0.111597,0.0794379
318,0.22913042,0.06517435,0.32791213,0.01817874,0.02965306,0.12111808,0.07776161
319,0.33718765,0.06429393,0.54578742,0.01785506,0.02886582,0.11779622,0.07928303
320,0.23494475,0.06202738,0.34583472,0.01801931,0.02842526,0.11080446,0.07866623
321,0.29695345,0.06372821,0.46645049,0.01795816,0.02877502,0.11701924,0.07783768
322,0.23648768,0.06257798,0.34781942,0.017926,0.02860618,0.11285131,0.07836009
323,0.25543491,0.06848338,0.37390307,0.01901095,0.03124216,0.1290991,0.07942737
324,0.28095404,0.06312257,0.43566295,0.01787147,0.0286657,0.11458322,0.07850471
325,0.31440831,0.06318916,0.50243831,0.01767692,0.02883062,0.1152726,0.07795561
326,0.3235983,0.06520139,0.51679379,0.01785854,0.02950135,0.12154598,0.07781355
327,0.29916345,0.06064484,0.47703722,0.0175429,0.02776896,0.10728164,0.07832666
328,0.26231284,0.06362245,0.39738079,0.01792212,0.02854644,0.11616906,0.07871553
329,0.26425642,0.06237185,0.40376916,0.01771117,0.02836606,0.11344584,0.07719583
330,0.24318552,0.06245425,0.36146253,0.0176202,0.02822977,0.11383772,0.07728347
331,0.23039801,0.06238768,0.33602066,0.01792942,0.02859722,0.11234336,0.0781918
332,0.25723396,0.06467097,0.38512599,0.01800089,0.02914557,0.11943541,0.0784109
333,0.25633789,0.06176144,0.38915291,0.01781648,0.02819075,0.11098922,0.07774236
334,0.22453984,0.06314886,0.32278197,0.01774915,0.02843505,0.11531635,0.07805302
335,0.22386584,0.06087454,0.3259826,0.017768,0.02823991,0.10816239,0.07750589
336,0.28004892,0.06268129,0.43473526,0.01783249,0.02835845,0.11468796,0.07684461
337,0.23881947,0.0613396,0.35495973,0.01754899,0.02785288,0.11008067,0.0776906
338,0.28419465,0.06134551,0.44569828,0.01766603,0.02814885,0.1101041,0.07727339
339,0.26676349,0.06086704,0.41179289,0.01778716,0.02762244,0.10905755,0.07695339
340,0.25975678,0.06288091,0.39375176,0.01778314,0.02853006,0.11553083,0.07651711
341,0.30862667,0.06017342,0.49690651,0.01744295,0.02739726,0.1070209,0.0771207
342,0.27521846,0.06236744,0.42570204,0.01759424,0.0280747,0.11359846,0.0773946
343,0.24741405,0.06277434,0.36927944,0.01769165,0.02843235,0.11478163,0.07718989
344,0.29252244,0.06095558,0.46313373,0.01730974,0.02762258,0.10910578,0.07774666
345,0.26141127,0.06007798,0.40266658,0.01740717,0.02738007,0.10695287,0.07685308
346,0.28343589,0.05990584,0.44706009,0.01762521,0.02739196,0.1057049,0.0774515
347,0.31929251,0.06320636,0.51217232,0.01779449,0.02845774,0.11584,0.07757481
348,0.22847378,0.06204234,0.33286287,0.01756887,0.02801143,0.11251731,0.07745303
349,0.30306416,0.0612962,0.48353589,0.01753239,0.02754683,0.11049287,0.07731356
350,0.25093382,0.06053448,0.38079868,0.01744673,0.02741199,0.10785792,0.07759041
351,0.25778511,0.05980684,0.39595654,0.01747855,0.02744022,0.1052495,0.07769843
352,0.29850083,0.06357852,0.46984464,0.01775096,0.02893748,0.11775914,0.07632134
353,0.21438769,0.06025433,0.30826673,0.01729903,0.02724415,0.10747856,0.07718952
354,0.22766008,0.05905655,0.33720706,0.0174627,0.02715025,0.10371806,0.07672983
355,0.25387595,0.06231123,0.38312945,0.01751455,0.02775079,0.11410054,0.0769317
356,0.23192089,0.06018808,0.34346561,0.01714179,0.02708062,0.10739997,0.07732696
357,0.25191651,0.06070959,0.38241385,0.01718029,0.02746067,0.10980064,0.07612398
358,0.2445925,0.06078679,0.36761141,0.0172708,0.02730893,0.10884319,0.07771015
359,0.23649529,0.06147443,0.35004171,0.01741752,0.02778954,0.11122773,0.07702461
360,0.21439996,0.05851925,0.31176143,0.01716121,0.02679856,0.10325601,0.07567702
361,0.32706246,0.06158869,0.53094756,0.01752387,0.02779283,0.11267925,0.07558615
362,0.21782192,0.06104264,0.31355855,0.01766471,0.02791332,0.1103459,0.07592082
363,0.25500977,0.05849259,0.39303436,0.01742631,0.02702054,0.10253177,0.07598196
364,0.33353846,0.06279694,0.54148306,0.01759283,0.02791574,0.11629674,0.07600748
365,0.24983155,0.06015672,0.37934968,0.01735176,0.02714842,0.10672764,0.07775632
366,0.22702673,0.05856768,0.33691812,0.01780726,0.02708253,0.10193856,0.07659962
367,0.26193913,0.05961539,0.40464748,0.01715184,0.02690303,0.10626787,0.07647571
368,0.22761038,0.05846831,0.33828415,0.0171311,0.0263897,0.10250384,0.07683972
369,0.34511422,0.05956105,0.57110634,0.01716098,0.02666651,0.10618491,0.07657584
370,0.25536782,0.05855589,0.39362387,0.01718207,0.02621547,0.10339761,0.07621795
371,0.26737798,0.05918067,0.41639464,0.0170534,0.02680563,0.10552632,0.0757509
372,0.2279983,0.05995144,0.33609374,0.01721621,0.02693366,0.10672892,0.07723261
373,0.2263551,0.05840713,0.33589592,0.01742033,0.02646751,0.10263916,0.07604353
374,0.21134803,0.05853966,0.30561674,0.0171704,0.0267195,0.10317373,0.07593648
375,0.29909878,0.06019527,0.47780702,0.01727682,0.02701462,0.10782742,0.07675417
376,0.2581725,0.05810122,0.40014256,0.01686423,0.02622927,0.10308638,0.07497872
377,0.27089714,0.06016048,0.42147331,0.017025,0.027112,0.10917269,0.07507915
378,0.22945469,0.05832404,0.34226129,0.01682112,0.02643231,0.10229966,0.07674918
379,0.25825351,0.05890476,0.39869749,0.01687531,0.0264184,0.10530426,0.07542121
380,0.25196129,0.0555883,0.39274598,0.01721595,0.02588626,0.09416452,0.07544241
381,0.23471055,0.06077686,0.34786739,0.01772746,0.02817215,0.10981114,0.07513811
382,0.22970226,0.05839004,0.34262442,0.01701893,0.02658187,0.10397199,0.0745919
383,0.21922043,0.05582931,0.32678223,0.01664375,0.02533518,0.0968804,0.07419515
384,0.26404125,0.05888607,0.41031035,0.01688666,0.02660094,0.10557065,0.07481491
385,0.25429047,0.05709649,0.39438797,0.01667843,0.02589875,0.10075705,0.07413658
386,0.24445643,0.05905449,0.3708039,0.01709935,0.02660773,0.10621993,0.07449958
387,0.24937982,0.0581805,0.38239865,0.01671666,0.02616855,0.10310591,0.07549951
388,0.20540748,0.05942326,0.29196843,0.01698244,0.02669489,0.10676154,0.07541958
389,0.26489341,0.05823379,0.41331922,0.01674105,0.02610955,0.10400113,0.0746416
390,0.22510527,0.05597651,0.33825752,0.01656916,0.02516794,0.09707656,0.07481735
391,0.22757489,0.05671081,0.34172816,0.01657548,0.02545019,0.09895945,0.07529595
392,0.25686566,0.05941562,0.39490006,0.01744794,0.02691479,0.1069758,0.07443392
393,0.24688686,0.05606355,0.38164663,0.01704583,0.02592472,0.09653036,0.07463659
394,0.21467638,0.05770787,0.31393701,0.01669692,0.02605646,0.10161357,0.07548812
395,0.29066721,0.05780324,0.46572795,0.01665323,0.02570775,0.10250581,0.07517054
396,0.25122107,0.05938221,0.38367773,0.01684943,0.02635484,0.10746945,0.07483332
397,0.21828189,0.05512046,0.32632287,0.01646593,0.02509669,0.09463376,0.07440714
398,0.23188402,0.0554065,0.35295505,0.01654763,0.02509305,0.09542532,0.07455531
399,0.31078097,0.05652441,0.50851314,0.0166761,0.02608137,0.09890291,0.07384263
400,0.20937078,0.05663879,0.30546399,0.01674766,0.02567673,0.09977667,0.07356964
401,0.22912686,0.05605447,0.34614478,0.0165188,0.02518005,0.09783157,0.07424319
402,0.31923467,0.05695208,0.52456517,0.01644676,0.02528936,0.10143811,0.07351257
403,0.28172959,0.05776429,0.4479306,0.01688644,0.02585437,0.10270151,0.07438056
404,0.17445989,0.05649514,0.23592949,0.01653875,0.02553855,0.09783728,0.07573046
405,0.22126912,0.05343958,0.33565907,0.01661496,0.02489825,0.08950594,0.07372257
406,0.30105148,0.05890216,0.48429864,0.01666174,0.02639603,0.10705297,0.07346017
407,0.23118155,0.05660391,0.34915527,0.01634027,0.02566029,0.10012763,0.07340651
408,0.20980561,0.0558763,0.30785862,0.01646178,0.02518123,0.09800458,0.07332552
409,0.21815627,0.05634098,0.32363058,0.01639106,0.02523942,0.09928585,0.07371136
410,0.25055065,0.0573226,0.38645609,0.01649655,0.02575434,0.10233107,0.0734563
411,0.18871451,0.05608437,0.26526028,0.01633575,0.02541973,0.09861705,0.07333176
412,0.27257139,0.05715618,0.4308304,0.01647509,0.02578524,0.10137797,0.073931
413,0.25346905,0.05402148,0.39889515,0.01658245,0.02478311,0.09185517,0.07340675
414,0.27378931,0.05631578,0.43494706,0.01651031,0.02511181,0.09984216,0.07291724
415,0.25407296,0.05740026,0.39334543,0.0165118,0.02536684,0.10271045,0.07368439
416,0.28759375,0.05468537,0.46581678,0.0162743,0.02457823,0.09508417,0.07270508
417,0.20088524,0.05537243,0.29102562,0.01645737,0.02500031,0.0964246,0.07334442
418,0.23960997,0.05485115,0.36951764,0.01617839,0.02483676,0.0953605,0.0729016
419,0.22765649,0.05606143,0.34319014,0.01645298,0.02519725,0.0986647,0.07327997
420,0.24911313,0.05514584,0.38793459,0.01622667,0.0250193,0.09656171,0.07242171
421,0.22300636,0.05783012,0.33035248,0.01647215,0.02602134,0.10496595,0.07207707
422,0.23130377,0.05388597,0.35483558,0.01608358,0.02440629,0.09273713,0.07260411
423,0.19208301,0.05666209,0.27084185,0.01626399,0.02522038,0.10080314,0.07332556
424,0.26237015,0.0553502,0.41403991,0.01637,0.02454129,0.09712669,0.07291868
425,0.24913733,0.05732716,0.38362035,0.01643967,0.02547674,0.10303317,0.07293253
426,0.21344,0.05369695,0.3194861,0.0159921,0.02434712,0.09175582,0.07317803
427,0.19848807,0.05457613,0.28782388,0.0160627,0.02490236,0.09408475,0.07337758
428,0.18471746,0.05383897,0.261757,0.01609611,0.02446505,0.09255938,0.07255523
429,0.23227204,0.05586479,0.35281449,0.01606559,0.0250076,0.09857954,0.07312774
430,0.20828258,0.05633809,0.30388898,0.01613974,0.02491591,0.10069251,0.07251557
431,0.1906918,0.05417036,0.2730429,0.01609893,0.02447331,0.093811,0.07238802
432,0.25528558,0.05438751,0.40179616,0.01608314,0.02445988,0.09440644,0.07259585
433,0.19815256,0.0518671,0.29257093,0.01618892,0.02399989,0.08631854,0.07234819
434,0.21893051,0.05348922,0.33088259,0.01600985,0.02402152,0.09179812,0.07255015
435,0.26834603,0.05518467,0.42632273,0.01600687,0.02440494,0.09696638,0.07291507
436,0.30088736,0.05617115,0.48943244,0.01618124,0.02475129,0.09976712,0.07308598
437,0.27872368,0.05534928,0.44674879,0.01613714,0.02475251,0.09752458,0.07243907
438,0.25493264,0.05313394,0.40359741,0.01588613,0.02359037,0.09106264,0.07251444
439,0.19185964,0.05460526,0.27450876,0.01611979,0.02436091,0.09594411,0.0716615
440,0.2069755,0.053656,0.306639,0.01607184,0.0243154,0.09302422,0.07137049
441,0.20748396,0.05399343,0.30698105,0.01610378,0.02427544,0.09375737,0.07189617
442,0.31169531,0.05465231,0.51408602,0.01614359,0.02432568,0.09490909,0.07316668
443,0.25093035,0.0547146,0.3924315,0.01655267,0.02531904,0.09497974,0.07194067
444,0.22109245,0.05553233,0.33112025,0.01612784,0.02510325,0.09823191,0.07199143
445,0.2171207,0.05369818,0.32684505,0.01585044,0.02402357,0.09306512,0.07201186
446,0.22614838,0.05308668,0.34612341,0.01589974,0.02404231,0.09101043,0.07191332
447,0.25709739,0.05302247,0.40814986,0.0158591,0.02360009,0.09141098,0.07162258
448,0.20700499,0.05361318,0.30678362,0.01581404,0.02413014,0.09309817,0.07153911
449,0.22956864,0.05473708,0.34966311,0.01580438,0.0246371,0.09673713,0.0712697
450,0.19528037,0.05151725,0.28752623,0.01562595,0.02333892,0.08630612,0.0721008
451,0.22373455,0.05259662,0.34227588,0.01569984,0.0234014,0.0898382,0.07213663
452,0.24331315,0.05689626,0.37283377,0.01606031,0.0253352,0.10272813,0.07200345
453,0.22516837,0.05290509,0.34452654,0.01572929,0.02396618,0.09066975,0.07181399
454,0.19802611,0.05173687,0.29257847,0.0157494,0.0234669,0.08775624,0.07097011
455,0.21986447,0.05100966,0.33770962,0.01558042,0.0229772,0.08478403,0.07225341
456,0.26963714,0.05479528,0.42968371,0.01589381,0.02451741,0.0970505,0.0711556
457,0.20651962,0.05611487,0.30080949,0.01612444,0.0249378,0.09992974,0.07251379
458,0.24707518,0.05365431,0.38684174,0.01590025,0.02429692,0.0930609,0.07150752
459,0.2159608,0.05251557,0.32689047,0.01585903,0.02376307,0.08976988,0.07135673
460,0.23619113,0.05231294,0.36775636,0.01562386,0.02339276,0.08988394,0.07095846
461,0.16614038,0.0536423,0.22499616,0.01604264,0.02448543,0.09384504,0.07014541
462,0.21106852,0.0530845,0.31596803,0.01577423,0.0237235,0.09226178,0.07078417
463,0.22556428,0.05280922,0.34551011,0.01564782,0.02377308,0.09118444,0.07103775
464,0.21819945,0.05323994,0.32991902,0.01582233,0.02369416,0.09207997,0.07165332
465,0.22461799,0.05028201,0.34867196,0.01562073,0.02300589,0.08323765,0.07102485
466,0.24127798,0.05339982,0.37575634,0.01580521,0.02385625,0.09315451,0.07084461
467,0.20299478,0.05293088,0.3001278,0.01567828,0.02363429,0.09151881,0.07124515
468,0.24008139,0.05189319,0.37637641,0.01554065,0.02308832,0.08837702,0.07144581
469,0.19450464,0.05142185,0.28616559,0.01546574,0.02327946,0.08788955,0.06993571
470,0.22347128,0.0528688,0.34120495,0.01554446,0.02379007,0.09132752,0.0711985
471,0.20182548,0.05271612,0.29821872,0.01567425,0.024093,0.09102045,0.07050067
472,0.23105204,0.05169075,0.35872258,0.0156633,0.02295676,0.08811441,0.07092261
473,0.1946737,0.04918033,0.29098673,0.01544515,0.02233701,0.08117652,0.06976359
474,0.21609487,0.05325853,0.32567269,0.01576676,0.0239435,0.09261822,0.07086573
475,0.23737696,0.05341121,0.36793152,0.01551989,0.02364734,0.09229576,0.0724607
476,0.18767686,0.05103856,0.2732766,0.01550004,0.02308198,0.08622608,0.07054924
477,0.16382534,0.05026059,0.22712951,0.01561247,0.02290292,0.08295903,0.07139332
478,0.24412694,0.05229631,0.38366124,0.01555318,0.02324703,0.09024413,0.07065396
479,0.23191015,0.05150546,0.36080939,0.01594976,0.02310476,0.0883194,0.06944442
480,0.20730945,0.05316019,0.30829851,0.01569784,0.02408869,0.09322271,0.06961588
481,0.24490766,0.05286736,0.38408061,0.01559748,0.02376012,0.09259907,0.06957984
482,0.21273433,0.05069,0.32408865,0.01532642,0.02273756,0.08600148,0.06986666
483,0.23103232,0.05366922,0.35472621,0.01567314,0.02388315,0.09492035,0.06988747
484,0.16952667,0.05065713,0.23773909,0.01514349,0.02285004,0.08614841,0.06961375
485,0.22834848,0.05174532,0.35320632,0.01531905,0.02329819,0.08911582,0.06990561
486,0.20667479,0.04993314,0.31348329,0.01531417,0.02274636,0.08398085,0.06917926
487,0.23637611,0.05085922,0.37103379,0.01507935,0.02297807,0.08723724,0.06904771
488,0.25124655,0.05122329,0.40004651,0.0152329,0.02271929,0.08775642,0.07005127
489,0.21505906,0.05056249,0.32899312,0.01520692,0.02279865,0.08626262,0.06905676
490,0.20002971,0.04934535,0.30136872,0.01534726,0.02233222,0.08240204,0.06903572
491,0.22826689,0.05097882,0.35457613,0.01518611,0.02270107,0.08706336,0.0699436
492,0.16813564,0.05130734,0.23365659,0.01543933,0.02311279,0.08704299,0.07070033
493,0.19552635,0.04895597,0.29314076,0.01517238,0.02210723,0.08072059,0.06988252
494,0.25476346,0.05162109,0.40628475,0.01531427,0.02291945,0.08943768,0.06935884
495,0.22059399,0.04942604,0.34233589,0.0151295,0.02214278,0.08215427,0.07009555
496,0.25980277,0.04935628,0.42089296,0.01508594,0.02198092,0.08304387,0.06889248
497,0.20042279,0.0491421,0.30256138,0.015293,0.02214853,0.08227275,0.06857144
498,0.20073912,0.05028557,0.30090708,0.01556852,0.02306727,0.08451279,0.06943689
499,0.22252502,0.04919011,0.34666982,0.01504505,0.02234755,0.08240392,0.06866047
500,0.15653733,0.04988763,0.21329941,0.01506308,0.02247503,0.08464495,0.06867813
